瘫痪小猫咪做康复训练，究竟能摆烂到什么地步,http://i1.hdslb.com/bfs/archive/775d450043fd9aa15842558e2bf78a4bcdc7b081.jpg,https://b23.tv/BV1ZW4y1t7aX
【苏星河】我的这个微信，你们没人用过,http://i0.hdslb.com/bfs/archive/9f495c058d7825b8d45f2701b4271affbf17442b.jpg,https://b23.tv/BV1tV4y1H72k
“所以你宁愿错过也不愿主动 ，对吗”,http://i0.hdslb.com/bfs/archive/9008d89843152418506a185225d4db7af5949900.jpg,https://b23.tv/BV1AW4y1b7nz
【战双帕弥什】「未语庭言」EP - Shattered Doll,http://i1.hdslb.com/bfs/archive/dc810dab7e6c8bcec21d5d4508da76c2d949951d.jpg,https://b23.tv/BV18D4y16781
纯黑《最后生还者:第一部》绝地迅猛无伤攻略解说 第一期,http://i1.hdslb.com/bfs/archive/1249857e50bc584019771f2a5b8b318acd566ae9.jpg,https://b23.tv/BV19D4y167sn
谁说凡人无法诛仙？！  逃离塔科夫,http://i2.hdslb.com/bfs/archive/f4cec45d277829f62d8aff3fbe322bfa07ca31a4.jpg,https://b23.tv/BV18G41157a4
一场军训能凑齐这么多卧龙凤雏也是不容易啊！,http://i0.hdslb.com/bfs/archive/a8fccf06c5f26b972c54dbc84c7b8f32bcc4cfe7.jpg,https://b23.tv/BV1TG4y167Sc
【交大博士】考研完型应试技术！学会，白捡8分！,http://i2.hdslb.com/bfs/archive/ad4342c7535d7be871527c250f237ec85a59b93e.jpg,https://b23.tv/BV1TU4y1r742
《关于我去拿了瓶冰可乐后回来1V5这件事》,http://i2.hdslb.com/bfs/archive/6eebd07dd62c0af083dc53e82ebb2f500f5db93c.jpg,https://b23.tv/BV1QG41147P3
【毕导】SNP理论的重大突破！刷牙和便秘，人类的进出口竟然高度统一？,http://i2.hdslb.com/bfs/archive/b15d7a2d3f925cc18379f181165a176d3cf6f3e6.jpg,https://b23.tv/BV1rW4y1t7NU
人类，你还喜欢曾经的奥特曼吗？,http://i1.hdslb.com/bfs/archive/7e7ee89e67975aeb0ccbb4ef56437f52efcf26cf.jpg,https://b23.tv/BV1fU4y167C5
我的外婆第一次接触ipad，用实力将我碾压,http://i0.hdslb.com/bfs/archive/e5a94ba3a42521c1798c41a628c0d2f7cc7db6cc.jpg,https://b23.tv/BV1Aa411V735
《关于被中国boy骗去贵阳花了588受大罪这件事》,http://i0.hdslb.com/bfs/archive/5d9f98460f7502479769bbda1d511f1a2113302e.jpg,https://b23.tv/BV1mV4y1H79r
【罗翔】没病也治！医疗不当的“张三”医生该当何罪？,http://i0.hdslb.com/bfs/archive/2de5c228232db9e485a3a0bce65867676db5bd21.jpg,https://b23.tv/BV19Y4y1u7ix
(､´･ω･)▄︻┻┳═一,http://i2.hdslb.com/bfs/archive/797903616a71db8c8df7b2ddf3addaa3d164b178.jpg,https://b23.tv/BV1AG4y167Wo
Twitterまとめ,http://i1.hdslb.com/bfs/archive/987220a71e9d9fef9ad5a6f7cf381a876c725e22.jpg,https://b23.tv/BV1Zt4y1E7jS
农村大叔用竹编了个鸟巢体育馆，接上电的那一刻惊呆了！,http://i2.hdslb.com/bfs/archive/ce902ff24f2592690e0eced45a019526d40c8d95.jpg,https://b23.tv/BV1ze4y1d7K5
我目睹了这个夏天最绚丽的夜空｜2022大阪淀川花火大会,http://i0.hdslb.com/bfs/archive/9e2be09195e60501ad7953494e34f95e6ad5994a.jpg,https://b23.tv/BV1xN4y1c7bD
磁流体音响の进化,http://i0.hdslb.com/bfs/archive/d982fe5c5c71bdd3ec2d30356840cb242d9d6389.jpg,https://b23.tv/BV1yY4y1F7M3
任士明-农村大叔因写字好看被央视点赞，被誉为“行走的打印机”。,http://i2.hdslb.com/bfs/archive/2f4e44ce4377e00bbcdbcbdeb1613d45749861e6.jpg,https://b23.tv/BV1iV4y1H7eu
