【苏星河】我的这个微信，你们没人用过,http://i0.hdslb.com/bfs/archive/9f495c058d7825b8d45f2701b4271affbf17442b.jpg,https://b23.tv/BV1tV4y1H72k
纯黑《最后生还者:第一部》绝地迅猛无伤攻略解说 第一期,http://i1.hdslb.com/bfs/archive/1249857e50bc584019771f2a5b8b318acd566ae9.jpg,https://b23.tv/BV19D4y167sn
(､´･ω･)▄︻┻┳═一,http://i2.hdslb.com/bfs/archive/797903616a71db8c8df7b2ddf3addaa3d164b178.jpg,https://b23.tv/BV1AG4y167Wo
【毕导】SNP理论的重大突破！刷牙和便秘，人类的进出口竟然高度统一？,http://i2.hdslb.com/bfs/archive/b15d7a2d3f925cc18379f181165a176d3cf6f3e6.jpg,https://b23.tv/BV1rW4y1t7NU
【交大博士】考研完型应试技术！学会，白捡8分！,http://i2.hdslb.com/bfs/archive/ad4342c7535d7be871527c250f237ec85a59b93e.jpg,https://b23.tv/BV1TU4y1r742
“所以你宁愿错过也不愿主动 ，对吗”,http://i0.hdslb.com/bfs/archive/9008d89843152418506a185225d4db7af5949900.jpg,https://b23.tv/BV1AW4y1b7nz
一场军训能凑齐这么多卧龙凤雏也是不容易啊！,http://i0.hdslb.com/bfs/archive/a8fccf06c5f26b972c54dbc84c7b8f32bcc4cfe7.jpg,https://b23.tv/BV1TG4y167Sc
整个宿舍的爹留下的珍贵影像,http://i2.hdslb.com/bfs/archive/0456fb32caa4812aaf1e77a8642bd6997ab66c01.jpg,https://b23.tv/BV1Gt4y1n7sd
“同一个师傅教的，破不了招啊”,http://i0.hdslb.com/bfs/archive/e56376b223f3249a07b5a4d773e8da9ff700e15a.jpg,https://b23.tv/BV1Fa41137j5
人类，你还喜欢曾经的奥特曼吗？,http://i1.hdslb.com/bfs/archive/7e7ee89e67975aeb0ccbb4ef56437f52efcf26cf.jpg,https://b23.tv/BV1fU4y167C5
我的外婆第一次接触ipad，用实力将我碾压,http://i0.hdslb.com/bfs/archive/e5a94ba3a42521c1798c41a628c0d2f7cc7db6cc.jpg,https://b23.tv/BV1Aa411V735
我目睹了这个夏天最绚丽的夜空｜2022大阪淀川花火大会,http://i0.hdslb.com/bfs/archive/9e2be09195e60501ad7953494e34f95e6ad5994a.jpg,https://b23.tv/BV1xN4y1c7bD
罕见！库木库里沙漠惊现“沙狐之眸”,http://i2.hdslb.com/bfs/archive/97f6cd96272402c18250f1406b0e094af22c4985.jpg,https://b23.tv/BV1WP4y1f7Dr
《关于我去拿了瓶冰可乐后回来1V5这件事》,http://i2.hdslb.com/bfs/archive/6eebd07dd62c0af083dc53e82ebb2f500f5db93c.jpg,https://b23.tv/BV1QG41147P3
真人实测！用时5天，干掉大腿粗、膝超伸,http://i2.hdslb.com/bfs/archive/b7c5e94b32e32ab9829fa87ad6e8207e5e4974df.jpg,https://b23.tv/BV1gd4y1G7ue
磁流体音响の进化,http://i0.hdslb.com/bfs/archive/d982fe5c5c71bdd3ec2d30356840cb242d9d6389.jpg,https://b23.tv/BV1yY4y1F7M3
绑架流浪猫妲己,http://i1.hdslb.com/bfs/archive/2b3bea8aba8f1d41fedab19821758b7b43d66bf1.jpg,https://b23.tv/BV1Pa411V7sJ
《关于被中国boy骗去贵阳花了588受大罪这件事》,http://i0.hdslb.com/bfs/archive/5d9f98460f7502479769bbda1d511f1a2113302e.jpg,https://b23.tv/BV1mV4y1H79r
你连让我拿出电锯的实力都没有，更别说踏入那片森林——只强,http://i1.hdslb.com/bfs/archive/36aceb5696401efd17ae0f0a22a10f28b9cea8bf.jpg,https://b23.tv/BV1WW4y1t7Zx
离合器烧掉了。,http://i0.hdslb.com/bfs/archive/65132be826ddf383812de23555f53076319bd658.jpg,https://b23.tv/BV1sD4y167r4
